Workbook

Sheet Dashboard
B2: ConfiDental Care
B3: Practice cockpit · powered by Dental Mata · Dr. Thejasri Vishnubhatla, BDS MDS · Bidhannagar, Durgapur
B4: ="Today: "&TEXT(TODAY(),"dddd, dd mmmm yyyy") -> Today: Monday, 22 June 2026
B6: TODAY AT A GLANCE
B7: Patients booked today | E7: Urgent today
B8: =COUNTIFS(Appointments!$A$2:$A$1000,TODAY(),Appointments!$H$2:$H$1000,"<>Cancelled") -> 2 | E8: =COUNTIFS(Appointments!$A$2:$A$1000,TODAY(),Appointments!$G$2:$G$1000,"Yes",Appointments!$H$2:$H$1000,"<>Cancelled") -> 1
B10: Expected today | E10: Booked ahead
B11: =SUMIFS(Appointments!$I$2:$I$1000,Appointments!$A$2:$A$1000,TODAY(),Appointments!$H$2:$H$1000,"<>Cancelled") -> 900 | E11: =COUNTIFS(Appointments!$A$2:$A$1000,">"&TODAY(),Appointments!$H$2:$H$1000,"Booked") -> 2
B13: ACCOUNTS
B14: Total billed (all time) | E14: Collected
B15: =SUM(Accounts!$D$2:$D$1000) -> 8900 | E15: =SUM(Accounts!$E$2:$E$1000) -> 6300
B17: Outstanding | E17: Registered patients
B18: =SUM(Accounts!$F$2:$F$1000) -> 2600 | E18: =COUNTA(Patients!$A$2:$A$1000) -> 5
B20: OPEN ITEMS
B21: Assistant tasks open | E21: Doctor notes unread
B22: =COUNTIF('Assistant Tasks'!$D$2:$D$1000,"Open") -> 3 | E22: =COUNTIF('Doctor Messages'!$E$2:$E$1000,"No") -> 2
B25: Tip: this dashboard recalculates from the Appointments, Accounts and task tabs. Dental Mata writes new rows there automatically once the live bot is connected — or your front desk can type them in by hand.

Sheet Appointments
A1: Date | B1: Time | C1: Patient | D1: Phone | E1: Treatment / Reason | F1: Channel | G1: Urgent | H1: Status | I1: Fee (₹)
A2: 46195 | B2: 11:00 | C2: Riya Das | D2: +91 90000 11122 | E2: Scaling & polishing | F2: WhatsApp | G2: No | H2: Booked | I2: 600
A3: 46195 | B3: 17:30 | C3: Anil Kumar | D3: +91 90000 33344 | E3: Tooth pain — upper left | F3: Google | G3: Yes | H3: Booked | I3: 300
A4: 46196 | B4: 10:30 | C4: Meera Joshi | D4: +91 90000 55566 | E4: Root canal — review | F4: Website | G4: No | H4: Booked | I4: 800
A5: 46197 | B5: 12:00 | C5: Sourav Pal | D5: +91 90000 77788 | E5: Dental implant consult | F5: WhatsApp | G5: No | H5: Booked | I5: 500
A6: 46193 | B6: 18:00 | C6: Priya Singh | D6: +91 90000 99900 | E6: Teeth whitening | F6: Walk-in | G6: No | H6: Done | I6: 4000

Sheet Patients
A1: Patient | B1: Phone | C1: First reached via | D1: Completed visits | E1: Total billed (₹) | F1: Paid (₹) | G1: Balance (₹)
A2: Riya Das | B2: +91 90000 11122 | C2: WhatsApp | D2: =COUNTIFS(Appointments!$C$2:$C$1000,$A2,Appointments!$H$2:$H$1000,"Done") -> 0 | E2: =SUMIF(Accounts!$B$2:$B$1000,$A2,Accounts!$D$2:$D$1000) -> 600 | F2: =SUMIF(Accounts!$B$2:$B$1000,$A2,Accounts!$E$2:$E$1000) -> 0 | G2: =E2-F2 -> 600
A3: Anil Kumar | B3: +91 90000 33344 | C3: Google | D3: =COUNTIFS(Appointments!$C$2:$C$1000,$A3,Appointments!$H$2:$H$1000,"Done") -> 0 | E3: =SUMIF(Accounts!$B$2:$B$1000,$A3,Accounts!$D$2:$D$1000) -> 300 | F3: =SUMIF(Accounts!$B$2:$B$1000,$A3,Accounts!$E$2:$E$1000) -> 300 | G3: =E3-F3 -> 0
A4: Meera Joshi | B4: +91 90000 55566 | C4: Website | D4: =COUNTIFS(Appointments!$C$2:$C$1000,$A4,Appointments!$H$2:$H$1000,"Done") -> 0 | E4: =SUMIF(Accounts!$B$2:$B$1000,$A4,Accounts!$D$2:$D$1000) -> 3500 | F4: =SUMIF(Accounts!$B$2:$B$1000,$A4,Accounts!$E$2:$E$1000) -> 2000 | G4: =E4-F4 -> 1500
A5: Sourav Pal | B5: +91 90000 77788 | C5: WhatsApp | D5: =COUNTIFS(Appointments!$C$2:$C$1000,$A5,Appointments!$H$2:$H$1000,"Done") -> 0 | E5: =SUMIF(Accounts!$B$2:$B$1000,$A5,Accounts!$D$2:$D$1000) -> 500 | F5: =SUMIF(Accounts!$B$2:$B$1000,$A5,Accounts!$E$2:$E$1000) -> 0 | G5: =E5-F5 -> 500
A6: Priya Singh | B6: +91 90000 99900 | C6: Walk-in | D6: =COUNTIFS(Appointments!$C$2:$C$1000,$A6,Appointments!$H$2:$H$1000,"Done") -> 1 | E6: =SUMIF(Accounts!$B$2:$B$1000,$A6,Accounts!$D$2:$D$1000) -> 4000 | F6: =SUMIF(Accounts!$B$2:$B$1000,$A6,Accounts!$E$2:$E$1000) -> 4000 | G6: =E6-F6 -> 0

Sheet Accounts
A1: Date | B1: Patient | C1: Treatment | D1: Charge (₹) | E1: Paid (₹) | F1: Due (₹) | H1: Summary
A2: 46193 | B2: Priya Singh | C2: Teeth whitening | D2: 4000 | E2: 4000 | F2: =D2-E2 -> 0 | H2: Billed | I2: =SUM(D2:D1000) -> 8900
A3: 46194 | B3: Meera Joshi | C3: Root canal — session 1 | D3: 3500 | E3: 2000 | F3: =D3-E3 -> 1500 | H3: Collected | I3: =SUM(E2:E1000) -> 6300
A4: 46195 | B4: Riya Das | C4: Scaling & polishing | D4: 600 | E4: 0 | F4: =D4-E4 -> 600 | H4: Outstanding | I4: =SUM(F2:F1000) -> 2600
A5: 46195 | B5: Anil Kumar | C5: Emergency consult — tooth pain | D5: 300 | E5: 300 | F5: =D5-E5 -> 0
A6: 46197 | B6: Sourav Pal | C6: Implant consultation | D6: 500 | E6: 0 | F6: =D6-E6 -> 500

Sheet Assistant Tasks
A1: Date | B1: Patient | C1: Task | D1: Status | E1: Priority
A2: 46195 | B2: Riya Das | C2: Set up scaling tray for 11:00 | D2: Open | E2: Normal
A3: 46195 | B3: Anil Kumar | C3: Keep emergency tray ready — 17:30 tooth pain | D3: Open | E3: High
A4: 46196 | B4: Meera Joshi | C4: Pull RCT file for review, 10:30 | D4: Open | E4: Normal

Sheet Doctor Messages
A1: Date | B1: Patient | C1: Message to Dr. Thejasri | D1: Priority | E1: Acknowledged
A2: 46195 | B2: Anil Kumar | C2: Urgent: sharp upper-left pain 2 days. Possible pulpitis — may need same-day X-ray. | D2: High | E2: No
A3: 46197 | B3: Sourav Pal | C3: New implant enquiry booked for consult. Patient asked about cost & timeline. | D3: Normal | E3: No

Sheet Services & Fees
A1: Treatment | B1: Standard fee (₹) | D1: Edit these to your actual ConfiDental rates — Dental Mata quotes from this list.
A2: Consultation | B2: 300
A3: Scaling & polishing | B3: 600
A4: Tooth filling | B4: 800
A5: Root canal treatment (RCT) | B5: 4500
A6: Tooth extraction | B6: 1000
A7: Dental implant (per tooth) | B7: 25000
A8: Braces (full treatment) | B8: 35000
A9: Smile makeover | B9: 20000
A10: Teeth whitening | B10: 4000
A11: Crown / cap | B11: 4000
A12: Dentures (full set) | B12: 12000
A13: X-ray (IOPA) | B13: 200
